${0},,
"${0} ${1} already exists.","${0} ${1} bestaat al.",
"${0} ${1} does not exist","${0} ${1} bestaat niet",
"${0} ${1} has been modified after loading please reload entry.","${0} ${1} is gewijzigd na het laden laad de invoer opnieuw.",
"${0} ${1} is linked with existing records.","${0} ${1} is gekoppeld aan bestaande records.",
"${0} account not set in Inventory Settings.","${0} account niet ingesteld in Inventarisinstellingen.",
"${0} already applied.",,
"${0} already saved","${0} reeds opgeslagen",
"${0} already submitted","${0} reeds ingediend",
"${0} before ${1}",,
"${0} cancelled","${0} geannuleerd",
"${0} cannot be cancelled","${0} kan niet worden geannuleerd",
"${0} cannot be deleted","${0} kan niet worden verwijderd",
"${0} deleted","${0} verwijderd",
"${0} entries failed","${0} invoeren mislukt",
"${0} entries imported","${0} gegevens geïmporteerd",
"${0} entry failed","${0} invoer mislukt",
"${0} entry imported","${0} invoer geïmporteerd",
"${0} fields selected","${0} velden geselecteerd",
"${0} filters applied","${0} filters toegepast",
"${0} has linked child accounts.","${0} heeft child-accounts gekoppeld.",
"${0} of type ${1} does not exist","${0} van het type ${1} bestaat niet",
"${0} only has ${1} points",,
"${0} only has ${1} points (${2} will be earned from this transaction)",,
"${0} out of ${1}","${0} van ${1}",
"${0} party ${1} is different from ${2}","${0} partij ${1} verschilt van ${2}",
"${0} quantity ${1} added.",,
"${0} quantity 1 added.","${0} hoeveelheid 1 toegevoegd.",
"${0} row added.","${0} rij toegevoegd.",
"${0} rows","${0} rijen",
"${0} rows added.","${0} rijen toegevoegd.",
"${0} saved","${0} opgeslagen",
"${0} shortcuts","${0} snelkoppelingen",
"${0} stored at ${1}","${0} opgeslagen in ${1}",
"${0} submitted","${0} Ingezonden",
"${0} value ${1} does not exist.","${0} waarde ${1} bestaat niet.",
0%,,
03-23-2022,,
03/23/2022,,
"1 filter applied","1 filter toegepast",
2022-03-23,,
"20th of the following month: ${0}",,
"23 Mar, 2022",,
23-03-2022,,
23.03.2022,,
23/03/2022,,
27AAAAA0000A1Z5,,
9888900000,,
"A submittable entry is deleted only if it is in the cancelled state.","Een in te dienen item wordt alleen verwijderd als het zich in de status geannuleerd bevindt.",
"API Base URL",,
"Abatement Maximum",,
"Abatement Minimum",,
Absent,,
Account,Rekening,
"Account ${0} does not exist.","Rekening ${0} bestaat niet.",
"Account Entries",Boekingen,
"Account Name","Rekening Naam",
"Account Type","Rekening Type",
Accounting,Boekhouding,
"Accounting Entries",Boekhoudgegevens,
"Accounting Ledger Entry",Grootboekboeking,
"Accounting Settings","Boekhoud Instellingen",
Accounts,Rekeningen,
"Accounts Payable",Crediteuren,
"Accounts Receivable",Debiteuren,
"Accumulated Depreciation","Opgebouwde Afschrijvingen",
Action,Actie,
Active,Actief,
"Add Account","Rekening Toevoegen",
"Add Customers","Klanten Toevoegen",
"Add Group","Groep Toevoegen",
"Add Items","Artikelen Toevoegen",
"Add Row","Rij Toevoegen",
"Add Suppliers","Leveranciers Toevoegen",
"Add Taxes","Belastingen Toevoegen",
"Add a few customers to create your first sales invoice","Voeg enkele klanten toe om uw eerste verkoopfactuur te maken",
"Add a few suppliers to create your first purchase invoice","Voeg een paar leveranciers toe om uw eerste inkoopfactuur te maken",
"Add a filter","Filter toevoegen",
"Add a remark","Opmerking toevoegen",
"Add attachment","Bijlage toevoegen",
"Add invoice terms","Factuurvoorwaarden toevoegen",
"Add products or services that you buy from your suppliers","Voeg producten of diensten toe die u van uw leveranciers inkoopt",
"Add products or services that you sell to your customers","Voeg producten of diensten toe die u aan uw klanten verkoopt",
"Add quote terms",,
"Add transfer terms","Transfervoorwaarden toevoegen",
"Add'l Discounts","Extra Kortingen",
"Additional ${0} Serial Numbers required for ${1} quantity of ${2}.","Extra ${0} serienummers vereist voor ${1} hoeveelheid van ${2}.",
"Additional quantity (${0}) required${1} to make outward transfer of item ${2} from ${3} on ${4}","Extra hoeveelheid (${0}) vereist${1} om uitgaande transfer van item ${2} van ${3} op ${4} uit te voeren",
Address,Adres,
"Address Display","Adres Weergave",
"Address Line 1","Adresregel 1",
"Address Line 2","Adresregel 2",
"Address Name","Adres Naam",
"Administrative Expenses","Administratieve Kosten",
Alert,,
All,Alle,
"Allow to bypass filters",,
"Allowances Total",,
Amount,Bedrag,
"Amount Paid","Betaald Bedrag",
"Amount: ${0} and writeoff: ${1} is less than the total amount allocated to references: ${2}.","Bedrag: ${0} en afschrijving: ${1} is minder dan het totale bedrag toegewezen aan referenties: ${2}.",
"Amount: ${0} is less than the total amount allocated to references: ${1}.","Bedrag: ${0} is minder dan het totale bedrag toegewezen aan referenties: ${1}.",
Amounts,Bedragen,
"An entry is cancelled only if it is in the submitted state.","Een invoer wordt alleen geannuleerd als deze zich in de ingediende status bevindt.",
"An entry is submitted only if it is submittable and is in the saved state.","Een item wordt alleen ingediend als het indienbaar is en zich in de opgeslagen status bevindt.",
"An error occurred.","Er is een fout opgetreden.",
And,,
"Annual Leave",,
"Annual Wage Declaration (DAS)",,
"Applicable anywhere in Frappe Books","Overal toepasbaar in Frappe Books",
"Applicable when POS is open",,
"Applicable when Quick Search is open","Van toepassing wanneer Snelzoeken is geopend",
"Applicable when Template Builder is open","Van toepassing wanneer Template Builder is geopend",
"Applicable when a entry is open in the Form view or Quick Edit view","Van toepassing wanneer een invoer geopend is in de formulierweergave of de snelbewerkingsweergave",
"Applicable when the List View of an entry type is open","Van toepassing wanneer de lijstweergave van een invoertype geopend is.",
"Application of Funds (Assets)","Toepassing van fondsen (Activa)",
"Applied Coupon Codes",,
"Applied Items",,
Apply,,
"Apply Discount After Tax","Korting toepassen na Belasting",
"Apply Price List",,
"Apply and view changes made to the print template","Wijzigingen in de afdruksjabloon toepassen en bekijken",
Approved,,
Apr,,
April,April,
Arial,Arial,
"Ascending Order","Oplopende volgorde",
Asset,Activa,
"Attach Image","Afbeelding bijvoegen",
Attachment,Bijlage,
Attendance,,
Aug,,
August,Augustus,
"Auth Token",,
"Auto Payments","Automatische Betalingen",
"Auto Stock Transfer","Automatische voorraadoverdracht",
Autocomplete,"Automatisch aanvullen",
"Available Loyalty Points",,
Back,Terug,
"Back Reference","Terug Verwijzing",
"Bad import data, could not read file.","Slechte importgegevens, kon bestand niet lezen.",
Balance,Balans,
"Balance Amount","Saldo Bedrag",
"Balance Sheet",Balansverslag,
Bank,Bank,
"Bank Accounts",Bankrekeningen,
"Bank Details",,
"Bank Entry","Bank invoer",
"Bank Name","Naam Bank",
"Bank Overdraft Account","Debetsaldo bank",
Barcode,Barcode,
"Barcode ${0} has an invalid length.",,
"Barcode must be exactly 12 digits.",,
"Base Grand Total","Basis Totaal",
"Base Salary",,
"Based On","Gebaseerd op",
Batch,Batch,
"Batch ${0} does not belong to Item ${1}",,
"Batch ${0} only has ${1} quantity available but ${2} is required",,
"Batch Series",,
"Batch Series cannot contain the following characters: /, ?, &, =, %",,
"Batch not set for row ${0}.","Batch niet ingesteld voor rij ${0}.",
"Batch set for row ${0}.","Batch ingesteld voor rij ${0}.",
"Before 31 March ${0}",,
"Bill Created","Rekening Gemaakt",
Billing,Facturatie,
Billion,,
Black,Zwart,
Blue,Blauw,
Bonus,,
Both,Beide,
"Both From and To Location cannot be undefined","Zowel de Van als de Naar locatie kunnen niet ongedefinieerd zijn",
Buildings,Gebouwen,
CHE-123.456.789,,
CIN,,
CNAS,,
"CNAS Employee Rate",,
"CNAS Employer Rate",,
"CNAS Number",,
"Can Change Discount",,
"Can Change Rate",,
Cancel,Annuleren,
"Cancel ${0}?","${0} annuleren?",
"Cancel Button Colour",,
"Cancel or Delete an entry.","Een invoer Annuleren of Wissen.",
Cancelled,Geannuleerd,
"Cannot Commit Error","Kan niet toewijzen Fout",
"Cannot Delete","Kan niet verwijderen",
"Cannot Delete Account","Kan account niet verwijderen",
"Cannot Export","Kan niet exporteren",
"Cannot Import","Kan niet importeren",
"Cannot Open File","Kan bestand niet openen",
"Cannot add an item to a submitted invoice.",,
"Cannot cancel ${0} ${1} because of the following ${2}: ${3}","Kan ${0} ${1} niet annuleren vanwege de volgende ${2}: ${3}",
"Cannot cancel ${0} because of the following ${1}: ${2}","Kan ${0} niet annuleren vanwege de volgende ${1}: ${2}",
"Cannot delete ${0} ""${1}"" because of linked entries.","Kan ${0} “”${1}“” niet verwijderen vanwege gekoppelde invoeren.",
"Cannot open file","Kan bestand niet openen",
"Cannot perform operation.","Kan de bewerking niet uitvoeren.",
"Cannot read file","Kan bestand niet lezen",
"Capital Equipments","Kapitaal Uitrusting",
"Capital Stock","Eigen Kapitaal",
Cash,Contant,
"Cash Denominations","Contante Bedragen",
"Cash Entry","Contante Invoer",
"Cash In Denominations",,
"Cash In Hand","Contant geld in Kas",
Cashflow,Cashflow,
Casual,,
"Casual Leave",,
Ceil,,
"Ceiling for the professional expense abatement (DZD). Narrow-band smoothing only — see code comment in payroll.ts. Not applied to match the official worked example.",,
"Central Tax","Centrale BTW",
"Change DB","DB wijzigen",
"Change File","Bestand wijzigen",
"Change Ref Type","Referentietype wijzigen",
"Changes made to settings will be visible on reload.","Wijzigingen aan instellingen zullen zichtbaar zijn bij het herladen.",
Chargeable,Belastbaar,
"Chart Of Accounts Reviewed","Beoordeeld Rekeningschema Nagekeken",
"Chart of Accounts",Rekeningschema,
Check,Controleer,
"Check Digits",,
"City / Town","Stad / Gemeente",
Classic,,
Clear,Goed,
"Clear Synced Data From ERPNext SyncQueue",,
"Clearance Date","Datum Goedkeuring",
"Clearance Date not set.",,
"Clicking continue will remove all the selected items.",,
Close,Sluiten,
"Close Frappe Books and try manually.","Sluit Frappe Books en probeer het handmatig.",
"Close POS Shift","POS-Shift sluiten",
"Close Quick Search","Snelzoeken sluiten",
Closing,Afsluiting,
"Closing ${0} Amount can not be negative.","Eindbedrag ${0} kan niet negatief zijn.",
"Closing (Cr)","Afsluiting (Cr)",
"Closing (Dr)","Afsluiting (Dr)",
"Closing Amount",Eindbedrag,
"Closing Amounts",,
"Closing Cash",,
"Closing Cash In Denominations","Geld in Coupures sluiten",
"Closing Date",Sluitingsdatum,
Code,,
Collapse,Inklappen,
"Collection Factor",,
"Collection Rules",,
Color,Kleur,
Colour,,
"Commission on Sales","Commissie op Verkopen",
Common,Algemeen,
Company,Bedrijf,
"Company Logo",Bedrijfslogo,
"Company Name",Bedrijfsnaam,
"Company Setup","Oprichting Bedrijf",
Completed,Voltooid,
Condition,Voorwaarde,
"Consolidate Columns","Kolommen samenvoegen",
Consumer,,
Contact,,
Contacts,Contacten,
Contains,Bevat,
Continue,,
"Continue submitting Sales Invoice?","Verkoopfactuur blijven indienen?",
"Contra Entry","Contra Invoer",
"Conversion Error",Conversiefout,
"Conversion Factor",Conversiefactor,
Converted,,
"Cost Of Goods Sold Acc.","Kostprijs van Verkochte Goederen Acc.",
"Cost of Goods Sold","Kosten van Verkochte Goederen",
"Could not connect to database file ${0}, please select the file manually","Kan geen verbinding maken met databasebestand ${0}, selecteer het bestand handmatig.",
Count,Tellen,
"Counter Cash Account","Tegenrekening Contant",
Country,Land,
"Country Code",Landcode,
"Country code used to initialize regional settings.","Landcode gebruikt om regionale instellingen te initialiseren.",
"Coupon ${0} is not applicable for applied items.",,
"Coupon Code",,
"Coupon Name",,
Coupons,,
Courier,Courier,
Cr.,Cr.,
"Cr. ${0}","Cr. ${0}",
Create,Maak,
"Create Demo","Demo Aanmaken",
"Create Payment.",,
"Create Purchase","Aankoop Aanmaken",
"Create Purchase Invoice","Inkoopfactuur maken",
"Create Sale","Verkoop Aanmaken",
"Create Sales Invoice","Verkoopfactuur maken",
"Create a demo company to try out Frappe Books","Maak een demobedrijf aan om Frappe Books uit te proberen",
"Create a new company and store it on your computer","Maak een nieuw bedrijf en sla het op uw computer op",
"Create a new company or select an existing one from your computer","Maak een nieuw bedrijf aan of selecteer een bestaand bedrijf op uw computer",
"Create a new entry of the same type as the List View","Maak een nieuw item van hetzelfde type als de lijstweergave",
"Create new ${0} entry?","Nieuwe ${0} invoer aanmaken?",
"Create your first purchase invoice from the created supplier","Maak uw eerste inkoopfactuur van de aangemaakte leverancier",
"Create your first sales invoice for the created customer","Maak uw eerste verkoopfactuur voor de aangemaakte klant",
Created,Aangemaakt,
"Created By","Aangemaakt Door",
"Creating Items and Parties","Artikelen en Partijen Aanmaken",
"Creating Journal Entries","Journaalposten Aanmaken",
"Creating Purchase Invoices","Inkoopfacturen Aanmaken",
Credit,Krediet,
"Credit Card Entry","Kredietkaart Invoer",
"Credit Note",Kredietnota,
Creditors,Schuldeisers,
Currency,Valuta,
"Currency Name","Valuta Naam",
Current,Huidige,
"Current Assets","Lopende Activa",
"Current Liabilities","Kortlopende Schulden",
"Custom Field","Aangepast Veld",
"Custom Fields","Aangepaste Velden",
"Custom Form","Aangepast Formulier",
"Custom Hex","Aangepaste Hex",
Customer,Klant,
"Customer Created","Klant Aangemaakt",
"Customer Currency","Klant Valuta",
"Customer has no loyalty points to redeem",,
Customers,Klanten,
Customizations,Aanpassingen,
"Customize Form","Formulier Aanpassen",
"Customize your invoices by adding a logo and address details","Pas uw facturen aan door een logo en adresgegevens toe te voegen",
"DAS - Annual Wages",,
"DTS - Quarterly Wages",,
"Dark mode",,
Dashboard,Dashboard,
Data,Data,
"Data Sync Interval (In Minutes)",,
"Database Error","Database Fout",
"Database file: ${0}","Databasebestand: ${0}",
Date,Datum,
"Date Format",Datumformaat,
"Date Time","Datum Tijd",
"Date of Birth",,
Day,Dag,
Debit,Debet,
"Debit Note",Debetnota,
Debtors,Debiteuren,
Dec,,
December,December,
"Decrease print template display scale","De weergaveschaal van het afdruksjabloon verkleinen",
Default,Standaard,
"Default Account","Standaard Rekening",
"Default Cash Denominations","Standaard Geldwaarden",
"Default Location",Standaardlocatie,
Defaults,Standaarden,
Delete,Verwijder,
"Delete ${0}?","${0} verwijderen?",
"Delete Account","Account Verwijderen",
"Delete Failed","Verwijderen Mislukt",
"Delete Group","Groep Verwijderen",
Delivered,Geleverd,
Denomination,Denominatie,
Department,,
Depreciation,Afschrijving,
"Depreciation Entry","Afschrijving Invoer",
Description,Beschrijving,
Designation,,
Details,Details,
"Device ID",,
"Device is offline. Please connect to a network to continue.",,
"Difference Amount","Verschil Bedrag",
"Direct Expenses","Directe Kosten",
"Direct Income","Directe Opbrengsten",
"Directory for database file ${0} does not exist, please select the file manually","Directory voor databasebestand ${0} bestaat niet, selecteer het bestand handmatig",
Disabled,Uitgeschakeld,
"Discount Account",Kortingsrekening,
"Discount Account is not set.","Kortingsrekening is niet ingesteld.",
"Discount Amount",Kortingsbedrag,
"Discount Amount (${0}) cannot be greated than Amount (${1}).","Korting Bedrag (${0}) kan niet hoger zijn dan Bedrag (${1}).",
"Discount Percent",Kortingspercentage,
"Discount Percent (${0}) cannot be greater than 100.","Kortingspercentage (${0}) kan niet groter zijn dan 100.",
"Discount Percentage",,
"Discount Type",,
"Discounted Amount","Korting Bedrag",
Discounts,Kortingen,
"Display Amount In Words",,
"Display Description In Invoice",,
"Display Doc","Doc Weergeven",
"Display Logo in Invoice","Logo Weergeven op Factuur",
"Display Precision","Getalnauwkeurigheid Weergeven",
"Display Precision should have a value between 0 and 9.","De nauwkeurigheid van de getallen moet een waarde tussen 0 en 9 hebben.",
"Display Scale","Schaal Weergeven",
"Display Terms and Conditions",,
"Display Time In Invoice",,
"Dividends Paid","Betaalde Dividenden",
"Do not Contact",,
"Doc ${0} ${1} not set","Doc ${0} ${1} niet ingesteld",
Docs,Docs,
"Document Name",,
Documentation,Documentatie,
"Does Not Contain","Bevat Geen",
Done,Gedaan,
Dr.,Dr.,
"Dr. ${0}","Dr. ${0}",
Draft,Concept,
Duplicate,Duplicaat,
"Duplicate Entry","Dubbele Invoer",
"Duplicate Template","Duplicaat Sjabloon",
"Duplicate columns found: ${0}","Dubbele kolommen gevonden: ${0}",
"Duties and Taxes","Rechten en Taksen",
"Dynamic Link","Dynamische Link",
"ERP Sync Items",,
"ERPNext Sync",,
"ERPNext Sync Queue",,
"ERPNext Sync Settings",,
"Earnest Money",Waarborgsom,
Earnings,,
Eight,,
Eighteen,,
Eighty,,
"Electronic Equipments","Elektronische Uitrusting",
Eleven,,
Email,"E-mail :",
"Email Address","E-mail Adres",
"Emergency Leave",,
Employee,,
"Employee ""${0}"" was not found",,
"Employee CNAS",,
"Employee CNAS (9%)",,
"Employee CNAS contribution rate as a percentage of gross salary. Default 9%.",,
"Employee Name",,
"Employee is required to compute the salary slip payroll",,
Employees,,
"Employer CNAS",,
"Employer CNAS (26%)",,
"Employer CNAS contribution rate as a percentage of gross salary. Default 26%.",,
Employment,,
"Employment Type",,
Empty,Leeg,
"Empty file selected","Leeg bestand geselecteerd",
"Enable Barcodes","Barcodes Inschakelen",
"Enable Batches","Batches Inschakelen",
"Enable Coupon Code",,
"Enable Discount Accounting","Korting Berekenen Inschakelen",
"Enable ERPNext Sync",,
"Enable Form Customization","Formulieraanpassing Inschakelen",
"Enable Inventory","Inventarisatie Inschakelen",
"Enable Invoice Returns","Factuurretouren Inschakelen",
"Enable Item Enquiry",,
"Enable Item Group",,
"Enable Lead",,
"Enable Loyalty Program",,
"Enable POS Without Inventory",,
"Enable Partial Payment",,
"Enable Partial payment to pay partial amount",,
"Enable Point of Sale","Point of Sale Inschakelen",
"Enable Price List","Prijslijst Inschakelen",
"Enable Pricing Rule",,
"Enable Serial Number","Serienummer inschakelen",
"Enable UOM Conversion","UOM-conversie inschakelen",
Enabled,Ingeschakeld,
"Enabled For","Ingeschakeld Voor",
"End Date",,
Endpoints,,
"Enter Country to load States","Voer het Land in om Staten te laden",
"Enter State","Staat Invoeren",
"Enter barcode","Barcode Invoeren",
"Enter weight barcode",,
"Entertainment Expenses","Kosten voor Ontspanning",
Entry,Toegang,
"Entry Currency","Toegang Valuta",
"Entry Label",Toegangslabel,
"Entry No","Toegang Nr",
"Entry No.","Toegang Nr.",
"Entry Type","Type Invoer",
"Entry has Grand Total ${0}. Please verify amounts.","Inschrijving heeft Totaal ${0}. Controleer bedragen.",
Equity,"Eigen vermogen",
Error,Fout,
"Exchange Gain/Loss",Wisselkoerswinsten/-verliezen,
"Exchange Rate",Wisselkoers,
"Excise Entry","Accijns Invoer",
"Existing Company","Bestaand Bedrijf",
Expand,Uitklappen,
"Expected Amount","Verwacht Bedrag",
Expense,Kosten,
"Expense Account",Onkostenrekening,
Expenses,Kosten,
"Expenses Included In Valuation","Kosten opgenomen in Waardering",
Expired,,
"Expiry Date",Vervaldatum,
"Expiry Duration",,
Export,Export,
"Export Failed","Export Mislukt",
"Export Format",Exportindeling,
"Export Successful","Export Gelukt",
"Export Wizard","Wizard Exporteren",
"FBooks Integration Version",,
Failed,Mislukt,
"Failed to load batches",,
Fax,Fax,
Features,Eigenschappen,
Feb,,
February,Februari,
"Fetch Data From ERPNext",,
"Fetch From ERPNext Queue",,
Field,Veld,
Fieldname,Veldnaam,
"Fieldname ${0} already exists for ${1}","Veldnaam ${0} bestaat al voor ${1}",
"Fieldname ${0} already used for Custom Field ${1}","Veldnaam ${0} al gebruikt voor Aangepast Veld ${1}",
Fieldtype,Veldtype,
Fifteen,,
Fifty,,
"File ${0} does not exist.","Bestand ${0} bestaat niet.",
"File selection failed","Bestandsselectie mislukt",
Fill,Vullen,
Filter,Filter,
"Filter by Group",,
"Financial Year",,
"First Name",,
"Fiscal Year",Boekjaar,
"Fiscal Year End Date","Einddatum Boekjaar",
"Fiscal Year Start Date","Begindatum Boekjaar",
Five,,
"Fix Failed","“Herstel Mislukt”",
"Fixed Asset","Vaste Activa",
"Fixed Assets","Vaste Activa",
Float,Zwevend,
Floor,,
"Floor for the professional expense abatement (DZD). Narrow-band smoothing only — see code comment in payroll.ts. Not applied to match the official worked example.",,
"Following cells have errors: ${0}.","De volgende cellen hebben fouten: ${0}.",
"Following links do not exist: ${absentLinks .map((l) =>","De volgende koppelingen bestaan niet: ${absentLinks .map((l) =>",
Font,Lettertype,
"For Purchase","Te Koop",
"For Sales","Voor Verkoop",
"Forbidden Error","Verboden Fout",
"Form Section","Formulier Sectie",
"Form Tab","Tabblad Vorm",
"Form Type","Type Formulier",
Forty,,
Four,,
Fourteen,,
Fr,Fr,
Fraction,Fractie,
"Fraction Units","Fractie Eenheden",
"Frappe Books does not have access to the selected file: ${0}","Frappe Books heeft geen toegang tot het geselecteerde bestand: ${0}",
"Free Item",,
"Free item ""${0}"" was not added due to zero quantity",,
"Free items out of stock: ${0}",,
"Freight and Forwarding Charges","Vracht- en Expeditiekosten",
From,Van,
"From Account","Van Rekening",
"From Date","Van Datum",
"From Lead",,
"From Loc.","Van Loc.",
"From Year","Van Jaar",
"Full Name","Volledige Naam",
Full-time,,
"Furnitures and Fixtures","Meubilair en Inrichting",
"G50 - IRG Declaration",,
GST,GST,
"GST Registration",,
GSTIN,,
"GSTIN No.","GSTIN Nr.",
GSTR1,GSTR1,
GSTR2,GSTR2,
"Gain/Loss on Asset Disposal","Winst/verlies op vervreemding van activa",
General,Algemeen,
"General Ledger","Algemeen Grootboek",
"Get Started","Aan de slag",
Global,Wereldwijd,
"Go back to the previous page","Ga terug naar de vorige pagina",
Gram,Gram,
"Grand Total","Groot Totaal",
"Greater Than","Groter dan",
Green,Groen,
"Grid View",,
"Gross Salary",,
"Gross Wages",,
"Group By","Groep Door",
HSN/SAC,HSN/SAC,
"HSN/SAC Code",HSN/SAC-code,
"Half Yearly",Halfjaarlijks,
"Half Years","Half Jaar",
Half-day,,
"Has Batch","Heeft Partij",
"Has Serial Number","Heeft Serienummer",
"Height (in cm)","Hoogte (in cm)",
Held,,
"Held Button Colour",,
Help,Help,
"Hex Value",Hex-waarde,
"Hidden values will be visible on Print on.","Verborgen waarden worden zichtbaar bij Afdrukken.",
"Hide Get Started","Verberg Aan de slag",
"Hide Group Amounts","Verberg Groepsbedragen",
"Hide Month/Year","Verberg Maand/Jaar",
"Hide Unavailable Items",,
"Hides the Get Started section from the sidebar. Change will be visible on restart or refreshing the app.","Verbergt de sectie Aan de slag uit de zijbalk. De wijziging wordt zichtbaar bij het opnieuw opstarten of verversen van de app.",
"Hire Date",,
"Hold Q and type digits to set selected item quantity",,
Holiday,,
Hour,Uur,
Hours,,
"Hours Worked",,
Housing,,
Hundred,,
ID,,
INR,INR,
"IRG (Income Tax)",,
"IRG Bracket 1 Limit",,
"IRG Bracket 1 Rate",,
"IRG Bracket 2 Limit",,
"IRG Bracket 2 Rate",,
"IRG Bracket 3 Limit",,
"IRG Bracket 3 Rate",,
"IRG Bracket 4 Rate",,
"IRG Brackets",,
"IRG Monthly Declaration (G50)",,
"If any entry form is open, save the details. Otherwise, save the invoice.",,
"If any entry form is open, your entry will be canceled. Otherwise the selected items will be removed.",,
"Ignore Pricing Rule",,
Image,Beeld,
"Import Complete","Importeren Voltooid",
"Import Data","Gegevens importeren",
"Import Data.","Gegevens importeren.",
"Import Type","Type Invoer",
"Import Wizard","Wizard Importeren",
"Importer not set, reload tool","Importer niet ingesteld, hulpprogramma opnieuw laden",
"In stock",,
Inactive,Inactief,
"Include Cancelled","Inbegrepen Geannuleerd",
Income,Opbrengsten,
"Income Account",Opbrengstenrekening,
"Income tax rate (%) for the 0% band — 0 to 30,000 DZD.",,
"Income tax rate (%) for the 23% band — 30,001 to 120,000 DZD.",,
"Income tax rate (%) for the 27% band — 120,001 to 360,000 DZD.",,
"Income tax rate (%) for the top bracket — above 360,000 DZD.",,
"Increase print template display scale","Weergaveschaal van afdruksjabloon vergroten",
Indigo,Indigo,
"Indirect Expenses","Indirecte Kosten",
"Indirect Income","Indirecte Opbrengsten",
Inflow,Toevoer,
"Initial Sync Data",,
"Instance Id","Instance Id",
"Insufficient Quantity","Onvoldoende Hoeveelheid",
"Insufficient Quantity.","Onvoldoende Hoeveelheid.",
"Insufficient Quantity. Item ${0} has only ${1} quantities available. you selected ${2}","Onvoldoende Hoeveelheid. Van item ${0} is slechts ${1} beschikbaar. U hebt ${2} geselecteerd.",
Int,Int,
"Integration Error Log",,
Interested,,
"Intergrated Tax","Inbegrepen BTW",
"Internal Precision","Interne Nauwkeurigheid",
"Invalid HSN Code.",,
"Invalid Key Error","Ongeldige Toets Fout",
"Invalid Quantity for Item ${0}","Ongeldige Hoeveelheid voor Artikel ${0}",
"Invalid barcode value ${0}.","Ongeldige Barcodewaarde ${0}.",
"Invalid value ${0} for ${1}","Ongeldige waarde ${0} voor ${1}",
"Invalid value found for ${0}","Ongeldige waarde gevonden voor ${0}",
Inventory,Inventaris,
"Inventory Items",,
"Inventory Settings",Inventarisinstellingen,
Investments,Investeringen,
Invoice,Factuur,
"Invoice Created","Factuur Aangemaakt",
"Invoice Date",Factuurdatum,
"Invoice Item","Factuur Item",
"Invoice No","Factuur Nr",
"Invoice No.","Factuur Nr.",
"Invoice Value","Factuur Waarde",
Invoices,Facturen,
Is,Is,
"Is Coupon Code Based",,
"Is Custom","Is Aangepast",
"Is Empty","Is Leeg",
"Is Enabled",,
"Is Group","Is Groep",
"Is Landscape","Is liggend",
"Is Not","Is Niet",
"Is Not Empty","Is Niet Leeg",
"Is POS Shift Open","Is POS Shift Open",
"Is Price List Enabled","Is Prijslijst ingeschakeld",
"Is Pricing Rule Enabled",,
"Is Recursive",,
"Is Required","Is Vereist",
"Is Sync Enabled",,
"Is Whole","Is Geheel",
Item,Artikel,
"Item ${0} has Zero Quantity","Artikel ${0} heeft Nul Hoeveelheid",
"Item ${0} is a batched item","Artikel ${0} is een samengesteld item",
"Item ${0} is not a batched item","Artikel ${0} is een geen samengesteld item",
"Item ${0} is out of stock (quantity is zero)",,
"Item ${0} not found",,
"Item ${0} not in Stock","Artikel ${0} niet op Voorraad",
"Item ${0} only has ${1} Quantity",,
"Item ${0} only has ${1} Quantity in batch ${2}",,
"Item Code",,
"Item Code Digits",,
"Item Description","Artikel Beschrijving",
"Item Discounts","Artikel Kortingen",
"Item Enquiry",,
"Item Group",,
"Item Name","Naam Artikel",
"Item Prices","Artikel Prijzen",
"Item Visibility",,
"Item enquiry submitted",,
"Item with From location not found","Artikel met Van locatie niet gevonden",
"Item with To location not found","Artikel met Naar locatie niet gevonden",
"Item with barcode ${0} not found.","Artikel met barcode ${0} niet gevonden.",
ItemCode,,
Items,Artikelen,
Jan,,
January,Januari,
"John Doe","Willeke De Bruijn",
"Journal Entries",Journaalposten,
"Journal Entry",Journaalpost,
"Journal Entry Account","Rekening voor Journaalpost",
"Journal Entry Number Series","Serie Nummer Journaalpost",
"Journal Entry Print Template","Sjabloon voor het afdrukken van journaalposten",
Jul,,
July,Juli,
Jun,,
June,Juni,
"Key Hints","“Toets Tips”",
Kg,Kg,
Label,Label,
Language,Taal,
"Last Name",,
Late,,
Lead,,
"Leave Application",,
"Leave Applications",,
"Left Index","Index Links",
"Legal Deadline",,
"Legal Expenses","Juridische Kosten",
"Less Filters","Minder Filters",
"Less Than","Minder Dan",
Liability,Aansprakelijkheid,
Limit,Limiet,
Link,Link,
"Link Validation Error","Fout bij Validatie Link",
"Linked Entries","Gekoppelde Invoer",
List,Lijst,
"List View",Lijstweergave,
"Load an existing company from your computer","Laad een bestaand bedrijf vanaf uw computer",
"Loading Report...","Rapport Laden...",
"Loading instance...","Instantie Laden...",
Loading...,Laden...,
"Loans (Liabilities)","Leningen (Passiva)",
"Loans and Advances (Assets)","Leningen en Voorschotten (Activa)",
Locale,Locatie,
Location,Locatie,
"Location Name","Naam Locatie",
Logo,Logo,
"Loyalty Point Entry",,
"Loyalty Points",,
"Loyalty Points Redemption",,
"Loyalty Program",,
"Loyalty Program Tier",,
"Loyalty program has expired and cannot be applied",,
"Loyalty program has expired or reached maximum usage",,
MISSING_NIN,,
"Make Entry","Maak Invoer",
"Make Payment On Submit","Betaling Verrichten bij Verzenden",
"Make Purchase Receipt On Submit","Maak Aankoopbon bij Verzenden",
"Make Shipment On Submit","Maak Verzending bij Versturen",
"Mandatory Error","Verplichte Fout",
Manufacture,Productie,
"Manufacture Date",Productiedatum,
Mar,,
"Mar 23, 2022","Mrt 23, 2022",
March,Maart,
"Mark ${0} as submitted?","${0} markeren als ingediend?",
"Marketing Expenses","Marketing Kosten",
"Material Issue","Materiaal Probleem",
"Material Receipt",Materiaalontvangst,
"Material Transfer",Materiaaloverdracht,
Maternity,,
"Max Amount",,
"Max Qty (As Per Stock Unit)",,
Maxed,,
"Maximum Amount should be greater than the Minimum Amount.",,
"Maximum Amount should be lesser than Pricing Rule's Maximum Amount",,
"Maximum Quantity should be greater than the Minimum Quantity.",,
"Maximum Use",,
May,Mei,
Meter,Meter,
Million,,
"Min Amount",,
"Min Qty (As Per Stock Unit)",,
"Minimum Amount should be greather than the Pricing Rule's Minimum Amount.",,
"Minimum Amount should be less than the Maximum Amount.",,
"Minimum Quantity should be less than the Maximum Quantity.",,
"Minimum Total Spent",,
Misc,Div,
Miscellaneous,Diverse,
"Miscellaneous Expenses","Diverse Kosten",
Mo,Ma,
Mobile,,
Modern,,
Modified,Gewijzigd,
"Modified By","Gewijzigd Door",
Month,,
Monthly,Maandelijks,
Months,Maanden,
More,Meer,
"More Filters","Meer Filters",
"More shortcuts will be added soon.","Meer snelkoppelingen zullen binnenkort worden toegevoegd.",
"Movement Type",Bewegingstype,
NIN,,
"NIN (required)",,
Name,Naam,
Navigate,Navigeren,
"Need ${0} Serial Numbers for Item ${1}. You have provided ${2}","Er zijn ${0} serienummers vereist voor artikel ${1}. U heeft er ${2} opgegeven",
"Net Pay",,
"Net Social",,
"Net Total","Netto Totaal",
"New ${0}","Nieuw ${0}",
"New ${0} ${1}","Nieuw ${0} ${1}",
"New Account","Nieuwe Rekening",
"New Company","Nieuw bedrijf",
"New Entry","Nieuwe Invoer",
"New Template","Nieuw Sjabloon",
Nine,,
Nineteen,,
Ninety,,
No,Nee,
"No Display Entries Found","Geen Displaygegevens gevonden",
"No Print Templates not found for entry type ${0}","Geen Afdruksjablonen gevonden voor invoertype ${0}",
"No Value","Geen Waarde",
"No Values to be Displayed","Geen waarden weer te geven",
"No entries found","Geen invoer gevonden",
"No entries were imported.","Er zijn geen invoergegevens geïmporteerd.",
"No expenses in this period","Geen kosten in deze periode",
"No filters selected","Geen filters geselecteerd",
"No linked entries found","Geen gekoppelde items gevonden",
"No results found","Geen resultaten gevonden",
"No results found, disable filters",,
"No rows added. Select a file or add rows.","Geen rijen toegevoegd. Selecteer een bestand of voeg rijen toe.",
"No transactions yet","Nog geen transacties",
"Non Active Serial Number ${0} cannot be used as Manufacture raw material","Niet-actief serienummer ${0} kan niet worden gebruikt als grondstof voor Vervaardiging",
"Non Active Serial Number ${0} cannot be used for Material Issue","Niet-actief serienummer ${0} kan niet worden gebruikt voor Materiaal Kwestie",
"Non Active Serial Number ${0} cannot be used for Material Transfer","Niet-actief serienummer ${0} kan niet worden gebruikt voor Materiaaloverdracht",
"Non Inactive Serial Number ${0} cannot be used for Material Receipt","Niet-actief serienummer ${0} kan niet worden gebruikt voor Materiaalontvangst",
"Non-Inventory Items",,
None,Geen,
"Not Found","Niet Gevonden",
"Not Saved","Niet Opgeslagen",
"Not Submitted","Niet Toegevoegd",
"Not Transferred","Niet Overgedragen",
Notes,Notities,
Nov,,
November,November,
"Number Display",Nummerweergave,
"Number Series",Nummerreeks,
"Number of ${0}","Aantal ${0}",
"Number of Rows","Aantal Rijen",
"Numéro d'Identification Nationale — legally mandatory per the 2026 Finance Law (required on the DAS declaration).",,
Oct,,
October,Oktober,
"Office Equipments",Kantooruitrusting,
"Office Maintenance Expenses","Kosten voor kantooronderhoud",
"Office Rent","Kantoor Huren",
Okay,Oké,
"Onboarding Complete","Inwerken Voltooid",
One,,
"Only From or To can be set for Manufacture","Alleen Van of Tot kan worden ingesteld voor Fabricage",
Open,,
"Open Count","Open Telling",
"Open Documentation","Open Documentatie",
"Open Folder","Map Openen",
"Open POS Shift",,
"Open Print View","Afdrukweergave Openen",
"Open Print View if Print is available.","Open de Afdrukweergave als Afdrukken beschikbaar is.",
"Open Quick Search","Snel Zoeken Openen",
"Open Report Print View","Rapport Openen Afdrukweergave",
"Open Sales Invoice List",,
"Open Saved or Submitted Invoice List.",,
"Open the Export Wizard modal","Open de wizard Exporteren",
"Opening (Cr)","Opening (Cr)",
"Opening (Dr)","Opening (Dr)",
"Opening Amount",Openingsbedrag,
"Opening Amounts",,
"Opening Balance Equity","Openingssaldo Eigen vermogen",
"Opening Balances",Openingssaldi,
"Opening Cash",,
"Opening Cash Amount can not be negative.","Het Openingskasbedrag kan niet negatief zijn.",
"Opening Cash In Denominations","Geldmiddelen openen in Coupures",
"Opening Date",Openingsdatum,
"Opening Entry","Eerste Invoer",
"Opening Shift",,
Opportunity,,
Options,Opties,
Orange,Oranje,
Organisation,Organisatie,
Other,,
"Out stock",,
Outflow,Uitstroom,
Outstanding,Uitstaand,
"Outstanding Amount","Uitstaand Bedrag",
Overtime,,
"Overtime Rate",,
"Overtime Total",,
POS,POS,
"POS Closing Shift",,
"POS Counter Cash Account is not set. Please set it on POS Settings","POS Contantrekening is niet ingesteld. Stel deze in bij de kassa-instellingen",
"POS Customer","POS Klant",
"POS Inventory is not set. Please set it on POS Settings","POS Voorraad is niet ingesteld. Stel dit in bij de POS-instellingen",
"POS Opening Shift",,
"POS Print Template",,
"POS Profile",,
"POS Settings",POS-instellingen,
"POS Shift Amount","POS Shift Bedrag",
"POS UI",,
"POS Write Off Account is not set. Please set it on POS Settings","De POS-afschrijvingsrekening is niet ingesteld. Stel dit in bij de POS-instellingen",
"Pad Zeros","Pad Nullen",
Page,Pagina,
Paid,Betaald,
"Paid ${0}","Betaald ${0}",
"Paid Change",Wisselgeld,
Paisa,,
Parent,Hoofd,
"Parent Account",Ouderrekening,
Part-time,,
"Partly Paid",,
"Partly Paid ${0}",,
Party,Partij,
"Patch Run","Patch Run",
Paternity,,
Pay,Betaal,
"Pay & Print",,
"Pay And Print Button Colour",,
"Pay Button Colour",,
"Pay Period",,
Payable,Crediteuren,
Payment,Betaling,
"Payment ${0} is Saved","Betaling ${0} is Opgeslagen",
"Payment Account",,
"Payment For","Betaling Voor",
"Payment Method",Betalingswijze,
"Payment No","Betaling Nr.",
"Payment Number Series","Betalingsnummer Serie",
"Payment Print Template","Sjabloon Afdrukken van Betalingen",
"Payment Reference",Betalingsreferentie,
"Payment Type",Betalingswijze,
"Payment amount cannot be ${0}.","Het betalingsbedrag kan niet ${0} zijn.",
"Payment amount cannot be less than zero.","Het bedrag van de betaling kan niet lager zijn dan nul.",
"Payment amount cannot exceed ${0}.","Het bedrag kan niet hoger zijn dan ${0}.",
"Payment amount: ${0} should be greater than 0.","Het bedrag van de betaling: ${0} moet groter zijn dan 0.",
"Payment amount: ${0} should be less than Outstanding amount: ${1}.","Het bedrag van betaling: ${0} moet lager zijn dan het uitstaande bedrag: ${1}.",
"Payment of ${0} will be made from account ""${1}"" to account ""${2}"" on Submit.","Betaling van ${0} wordt gedaan van rekening ""${1}"" naar rekening ""${2}"" op Indienen.",
Payments,Betalingen,
Payroll,,
"Payroll Breakdown",,
"Payroll Payable","Te Betalen Loon",
"Payroll Settings",,
Pending,,
"Pending qty. ${0}","Aantal in wacht ${0}",
Period,,
Periodicity,Frequentie,
Personal,,
Phone,Telefoon,
"Pick Columns","Kolommen kiezen",
"Pick Import Columns","Kolommen importeren kiezen",
Pink,Roze,
Place,Plaats,
"Place of Supply",,
"Place of supply","Plaats van levering",
"Plants and Machineries","Installaties en Machines",
"Please Wait","Even wachten",
"Please add a customer before saving",,
"Please add items",,
"Please check Key Hints for valid key names","Controleer Sleutelhints voor geldige sleutelnamen",
"Please create a ${0} entry to view Template Preview.","Maak een ${0} invoer aan om Sjabloonvoorbeeld te bekijken.",
"Please fill all values.","Vul alle waarden in.",
"Please restart and try again.","Herstart en probeer het opnieuw.",
"Please select a Print Template","Selecteer een Afdruksjabloon",
"Please select a batch first",,
"Please select a customer",,
"Please select a payment method before proceeding with payment.",,
"Please select a payment method before submitting.",,
"Please select a valid reference type.","Selecteer een geldig referentietype.",
"Please set GSTIN in General Settings.","Stel GSTIN in bij Algemene instellingen.",
"Please set Round Off Account in the Settings.","Stel Rekening Afronden in bij Instellingen.",
"Please set a Display Doc","Stel een Weergavedocument in",
"Point of Sale",Verkooppunt,
"Points must be greater than 0",,
"Points must be greather than 0",,
"Pos Print Width",,
"Pos Ui",,
"Postal Code",Postcode,
"Postal Expenses",Portokosten,
"Posting Date",Plaatsingsdatum,
Prefix,Voorvoegsel,
Present,,
"Price Discount",,
"Price Discount Scheme",,
"Price Discount Type",,
"Price List",Prijslijst,
"Price List Item","Prijslijst Artikel",
"Pricing Rule",,
"Pricing Rule Detail",,
"Pricing Rule Item",,
"Prime Bank","Primaire Bank",
Print,Afdrukken,
"Print ${0}","${0} Afdrukken",
"Print Failed",,
"Print Settings",Afdrukinstellingen,
"Print Setup",Afdrukinstelling,
"Print Successful",,
"Print Template",Afdruksjabloon,
"Print Template Name not set","Naam Afdruk-template niet ingesteld",
"Print Template is empty","Afdruk-template is leeg",
"Print Templates",Afdruksjablonen,
"Print View",Afdrukweergave,
"Print and Stationery","Drukwerk en Briefpapier",
Priority,,
Processed,,
Product,Product,
"Product Discount",,
"Product Discount Scheme",,
"Professional Abatement",,
"Professional Expense Abatement Rate",,
"Professional expense abatement as a percentage of net social. Default 40%.",,
Profile,,
"Profit And Loss","Winst- en verliesrekening",
"Profit and Loss","Winst- en verliesrekening",
Purchase,Inkoop,
"Purchase Acc.","Inkoop Acc.",
"Purchase Amount",,
"Purchase Invoice",Inkoopfactuur,
"Purchase Invoice Item","Aankoopfactuur Item",
"Purchase Invoice Number Series","Serie Inkoopfactuurnummer",
"Purchase Invoice Print Template","Template voor afdrukken Inkoopfactuur",
"Purchase Invoice Terms","Voorwaarden Inkoopfactuur",
"Purchase Invoices",Inkoopfacturen,
"Purchase Item","Aankoop Artikel",
"Purchase Item Created","Inkoop Artikel Aangemaakt",
"Purchase Items","Aankoop Artikelen",
"Purchase Payment","Aankoop Betaling",
"Purchase Payment Account","Aankoop Betaalrekening",
"Purchase Payments","Aankoop Betalingen",
"Purchase Receipt",Aankoopbon,
"Purchase Receipt Item","Aankoopbon Artikel",
"Purchase Receipt Location","Locatie Inkoopbon",
"Purchase Receipt Number Series","Serie Inkoopbonnummer",
"Purchase Receipt Print Template","Template voor Afdrukken Inkoopbon",
"Purchase Receipt Terms",Inkoopvoorwaarden,
Purchases,Inkopen,
Purple,Paars,
Purpose,Doel,
"Q1 (Jan–Mar)",,
"Q2 (Apr–Jun)",,
"Q3 (Jul–Sep)",,
"Q4 (Oct–Dec)",,
Qty,,
"Qty in Batch","Aant. in Partij",
"Qty. ${0}","Aant. ${0}",
"Qty. in Transfer Unit","Aant. in Transfereenheid",
Quantity,Hoeveelheid,
"Quantity (${0}) has to be greater than zero","Hoeveelheid (${0}) moet groter zijn dan nul",
"Quantity and Amount",,
"Quantity must be greater than zero.",,
"Quantity needs to be set","Hoeveelheid moet worden ingesteld",
Quarter,,
Quarterly,Driemaandelijks,
"Quarterly Wage Declaration (DTS)",,
Quarters,Kwartalen,
"Quick Search",Snelzoeken,
"Quick edit error: ${0} entry has no name.","Snel bewerken fout: ${0} item heeft geen naam.",
Quotation,,
Quote,Offerte,
"Quote Reference","Offerte Referentie",
Rate,Koers,
"Rate (${0}) cannot be less zero.","Koers (${0}) kan niet lager zijn dan nul.",
"Rate (${0}) has to be greater than zero","Koers (${0}) moet groter zijn dan nul",
"Rate can't be negative.","Koers kan niet negatief zijn.",
"Rate needs to be set","Koers moet worden ingesteld",
"Raw Value: ${0}","Ruwe waarde: ${0}",
Receivable,Debiteuren,
Receive,Ontvangen,
Recent,,
"Recurse Every (As Per Transaction Unit)",,
Red,Rood,
"Redeem Loyalty Points",,
"Ref Name","Ref Naam",
"Ref Type","Ref Type",
"Ref. / Cheque No.","Ref. / Cheque nr.",
"Ref. Date","Ref. Datum",
"Ref. Name","Ref. Naam",
"Ref. Type","Ref. Type",
Reference,Referentie,
"Reference Date",Referentiedatum,
"Reference Id not set.",,
"Reference Number",Referentienummer,
"Reference Type","Referentie Type",
References,Referenties,
"Register Instance",,
"Registered Regular",,
Rejected,,
"Reload Frappe Books?","Frappe Books Herladen?",
Remark,,
"Remove Filter",,
Replied,,
Report,Meld,
"Report Error","Fout Melden",
"Report Issue","Probleem Melden",
"Report will use more than one page if required.","Het rapport zal indien nodig meer dan één pagina beslaan.",
Reports,Verslagen,
"Required fields not selected: ${0}","Verplichte velden niet geselecteerd: ${0}",
"Rest Day / Holiday",,
"Retained Earnings","Ingehouden Winst",
Return,,
"Return Against","Rendement Tegen",
"Return Button Colour",,
"Return Issued",Teruggave,
"Reverse Chrg.","Omgekeerde Kst.",
Reverted,Hersteld,
Reverts,Herstellen,
"Review Accounts","Rekeningen Nakijken",
"Review your chart of accounts, add any account or tax heads as needed","Bekijk uw rekeningoverzicht, voeg indien nodig rekening- of belastingkoppen toe",
"Right Index","Juiste Index",
Role,Rol,
"Root Type","Root Type",
Round,,
"Round Free Item Quantity",,
"Round Off",Afronden,
"Round Off Account","Rekening Afronden",
"Round Off Account Not Found","Afrondrekening Niet Gevonden",
"Rounded Off",Afgerond,
"Rounding Method",,
"Row ${0}","Rij ${0}",
SNMG,,
"SNMG (Minimum Wage Floor)",,
Sa,Za,
"Salaire National Minimum Général — minimum monthly wage floor in DZD. Gross salaries below this produce a non-blocking warning.",,
Salary,Salaris,
"Salary Earning",,
"Salary Slip",,
"Salary Slips",,
Sales,Verkopen,
"Sales Acc.","Verkoop Acc.",
"Sales Expenses",Verkoopkosten,
"Sales Invoice",Verkoopfactuur,
"Sales Invoice ${0} is Saved",,
"Sales Invoice ${0} is Submitted","Verkoopfactuur ${0} is Ingediend",
"Sales Invoice Item","Verkoopfactuur Item",
"Sales Invoice List",,
"Sales Invoice Number Series","Serie Verkoopfactuurnummer",
"Sales Invoice Print Template","Afdruk-sjabloon Verkoopfactuur",
"Sales Invoice Terms","Verkoopfactuur Voorwaarden",
"Sales Invoices",Verkoopfacturen,
"Sales Item",Verkoopartikel,
"Sales Item Created","Verkoopartikel Aangemaakt",
"Sales Items",Verkoopartikelen,
"Sales Payment","Verkoop Betaling",
"Sales Payment Account","Betaalrekening Verkoop",
"Sales Payments",Betalingen,
"Sales Quote",Verkoopofferte,
"Sales Quote Item","Item Verkoopofferte",
"Sales Quote Number Series","Verkoopofferte Nummer Serie",
"Sales Quote Print Template","Sjabloon voor Verkoopofferte",
"Sales Quotes",Verkoopoffertes,
"Sales and Purchase","Verkoop en Inkoop",
Save,Opslaan,
"Save ${0}?","${0} Opslaan?",
"Save Button Colour",,
"Save Customizations","Aanpassingen Opslaan",
"Save Template","Sjabloon Opslaan",
"Save Template File","Sjabloonbestand Opslaan",
"Save and Continue",,
"Save as PDF","Opslaan als PDF",
"Save as PDF Successful","Opslaan als PDF Gelukt",
"Save changes made to ${0}?","Wijzigingen in ${0} opslaan?",
"Save or Submit an entry.","Een invoer Opslaan of Verzenden.",
Saved,Opgeslagen,
"Search Item (Name or Barcode)",,
"Secured Loans","Beveiligde Leningen",
"Securities and Deposits","Effecten en Deposito's",
Select,Selecteer,
"Select CoA","Selecteer CoA",
"Select Color","Selecteer Kleur",
"Select Colour",,
"Select Country","Selecteer Land",
"Select File","Selecteer Bestand",
"Select Image","Selecteer Afbeelding",
"Select Template File","Selecteer Sjabloonbestand",
"Select a Display Doc to view the Template","Selecteer een Weergavedocument om het Sjabloon te bekijken",
"Select a Template type","Selecteer een Sjabloontype",
"Select a form type to customize","Selecteer een formuliertype om aan te passen",
"Select a pre-defined page size, or set a custom page size for your Print Template.","Selecteer een vooraf gedefinieerde paginagrootte of stel een aangepaste paginagrootte in voor uw afdruksjabloon.",
"Select column","Selecteer kolom",
"Select file","Selecteer Bestand",
"Select folder","Selecteer Map",
"Select the Batch",,
"Select the template type.","Selecteer het type sjabloon.",
Selected,Geselecteerd,
Sep,,
September,September,
"Serial Number",Serienummer,
"Serial Number ${0} does not belong to the item ${1}.","Serienummer ${0} hoort niet bij het artikel ${1}.",
"Serial Number ${0} does not exist.","Serienummer ${0} bestaat niet.",
"Serial Number ${0} is not Active.","Serienummer ${0} is niet Actief.",
"Serial Number ${0} is not Inactive","Serienummer ${0} is niet Inactief",
"Serial Number ${0} status is not Active.","Serial Number ${0} status is niet Actief.",
"Serial Number Description","Serienummer Beschrijving",
"Serial Number Series",,
"Serial Number Series cannot contain the following characters: /, ?, &, =, %",,
"Serial Number Status",,
"Serial Number is enabled for Item ${0}","Serienummer is ingeschakeld voor artikel ${0}",
"Serial Number is not enabled for Item ${0}","Serienummer is niet ingeschakeld voor artikel ${0}",
"Serial Number not set for row ${0}.","Serienummer niet ingesteld voor rij ${0}.",
"Serial Number set for row ${0}.","Serienummer ingesteld voor rij ${0}.",
Service,Service,
"Set Coupon Code",,
"Set Discount Amount","Kortingsbedrag Instellen",
"Set Loyalty Program",,
"Set Period","Stel Periode in",
"Set Price List",,
"Set Print Size","Afdrukformaat Instellen",
"Set Template Type","Type sjabloon instellen",
"Set Up",Instellen,
"Set Up Your Workspace","Werkomgeving Instellen",
"Set a Template value to see the Print Template","Stel een Sjabloonwaarde in om de Afdruksjabloon te zien",
"Set an Import Type","Een invoer type instellen",
"Set the display language.","De Weergavetaal Instellen.",
"Set the local code. This is used for number formatting.","Stel de lokale code in. Dit wordt gebruikt voor nummeropmaak.",
"Set up your company information, email, country and fiscal year","Stel uw bedrijfsgegevens, e-mailadres, land en boekjaar in",
"Set up your opening balances before performing any accounting entries","Stel uw openingsbalansen in voordat u boekingen verricht",
"Set up your organization","Opzetten van uw organisatie",
"Set up your tax templates for your sales or purchase transactions","Uw belastingsjablonen instellen voor uw verkoop- of inkooptransacties",
"Sets how many digits are shown after the decimal point.","Geeft aan hoeveel cijfers achter de komma worden weergegeven.",
"Sets the app-wide date display format.","Stelt de app-brede datumweergave-indeling in.",
"Sets the internal precision used for monetary calculations. Above 6 should be sufficient for most currencies.","Stelt de interne precisie in die gebruikt wordt voor monetaire berekeningen. Boven de 6 zou voldoende moeten zijn voor de meeste valuta's.",
"Sets the theme of the app.",,
"Setting Up Instance","Instantie Instellen",
Settings,Instellingen,
Setup,Configuratie,
"Setup Complete","Configuratie Voltooid",
"Setup Wizard","Configuratie Wizard",
"Setup system defaults like date format and display precision","Systeeminstellingen zoals datumnotatie en weergavenauwkeurigheid instellen",
Seven,,
Seventeen,,
Seventy,,
Shipment,Verzending,
"Shipment ${0} is Submitted","Zending ${0} is Verzonden",
"Shipment Item","Item Verzending",
"Shipment Location",Verzendlocatie,
"Shipment Number Series","Verzendingsnummer Serie",
"Shipment Print Template","Afdruksjabloon Verzending",
"Shipment Terms",Verzendvoorwaarden,
Shortcuts,Snelkoppelingen,
"Should entries be submitted after syncing?","Moeten items worden ingediend na het synchroniseren?",
"Show HSN","HSN weergeven",
"Show Me","Toon Mij",
"Show Month/Year","Maand/jaar Weergeven",
"Sick Leave",,
"Similar Product",,
"Single Value","Enkele Waarde",
Six,,
Sixteen,,
Sixty,,
"Skip Child Tables","Child-tabellen Overslaan",
"Skip Transactions","Transacties Overslaan",
"Smallest Currency Fraction Value","Kleinste Waarde van Muntfractie",
Softwares,Software,
"Something has gone terribly wrong. Please check the console and raise an issue.","Er is iets vreselijk misgegaan. Controleer de console en meld een probleem.",
"Source of Funds (Liabilities)","Bron van Fondsen (Passiva)",
"Standard Chart of Accounts","Standaard Rekeningschema",
Start,Start,
"Start Date",,
"Start From Row Index","Begin vanaf rij-index",
State,Status,
"State Tax",Staatsbelasting,
Status,Status,
"Statutory Reports",,
Stock,Stock,
"Stock Adjustment","Stock Aanpassing",
"Stock Assets","Stock Activa",
"Stock Balance","Voorraad Balans",
"Stock Entries",Voorraadboekingen,
"Stock Expenses",Voorraadkosten,
"Stock In Hand","Voorraad in Hand",
"Stock In Hand Acc.","Voorraad in de hand Acc.",
"Stock Ledger",Voorraadboek,
"Stock Ledger Entry",Voorraadboekinvoer,
"Stock Liabilities",Voorraadverplichtingen,
"Stock Movement","Voorraad Beweging",
"Stock Movement Item","Voorraad Beweging Artikel",
"Stock Movement No.","Voorraad Beweging Nr.",
"Stock Movement Number Series","Voorraad Beweging Nummer Serie",
"Stock Movement Print Template","Voorraad Beweging Afdruk Sjabloon",
"Stock Movements",Voorraadbewegingen,
"Stock Not Received","Niet Ontvangen Voorraad",
"Stock Not Shipped","Voorraad Niet Verzonden",
"Stock Not Transferred","Niet Overgedragen Voorraad",
"Stock Received But Not Billed","Voorraad ontvangen maar niet gefactureerd",
"Stock Received But Not Billed Acc.","Voorraad ontvangen maar niet gefactureerd Acc.",
"Stock Transfer Item","Voorraadoverdracht Item",
"Stock Unit","Voorraad Eenheid",
StockTransfer,Voorraadoverdracht,
Stores,Winkels,
Su,Zo,
Submit,Indienen,
"Submit ${0}?","${0} Indienen?",
"Submit Button Colour",,
"Submit entries?","Verzendingen Indienen?",
Submitted,Ingediend,
Success,Succes,
Supplier,Leverancier,
"Supplier Created","Leverancier Aangemaakt",
Suppliers,Leveranciers,
Symbol,Symbool,
"Sync Data From Server",,
"Sync Data To ERPNext",,
"Sync Data To Server",,
"Sync Settings",,
System,Systeem,
"System Settings","Systeem Instellingen",
"System Setup","Systeem Configuratie",
Table,Tabel,
Target,Doel,
Tax,Belasting,
"Tax Account",Belastingrekening,
"Tax Amount",Belastingbedrag,
"Tax Assets","Belasting Activa",
"Tax Detail",Belastingdetail,
"Tax ID","Belasting ID",
"Tax Invoice Account","Belastingfactuur Rekening",
"Tax Payment Account",Belastingbetaalrekening,
"Tax Rate","BTW Tarief",
"Tax Summary","Belasting Overzicht",
"Tax Template",Belastingsjabloon,
"Tax Templates",Belastingsjablonen,
"Tax and Totals","Belastingen en Totalen",
"Taxable Base",,
"Taxable Value","Belastbare Waarde",
"Taxed Amount","Belast Bedrag",
Taxes,Belastingen,
"Taxes and Charges","Belastingen en Heffingen",
Teal,Teal,
"Telephone Expenses",Telefoonkosten,
Template,Sjabloon,
"Template Builder",Sjabloonbouwer,
"Template Compilation Error","Sjabloon Compilatiefout",
"Template Name","Naam Sjabloon",
"Template Type","Type sjabloon",
"Template file saved","Sjabloonbestand Opgeslagen",
Temporary,Tijdelijk,
"Temporary Accounts","Tijdelijke Rekeningen",
"Temporary Opening","Tijdelijke Opening",
Ten,,
Terms,Voorwaarden,
"Terms and Conditions",,
Text,Tekst,
Th,Do,
"The Grand Total must be less than ${0} to apply this coupon.",,
"The Grand Total must exceed ${0} to apply the coupon ${1}.",,
"The following characters cannot be used ${0} in a Number Series name.","De volgende tekens kunnen niet worden gebruikt ${0} in een nummerreeksnaam.",
"The following items have insufficient quantity for Shipment: ${0}","De volgende items hebben onvoldoende hoeveelheid voor verzending: ${0}",
Theme,,
Thirteen,,
Thirty,,
"This Month","Deze Maand",
"This Quarter","Dit Kwartaal",
"This Year","Dit Jaar",
"This action is permanent","Deze actie is permanent",
"This action is permanent and will cancel the following payment: ${0}","Deze actie is permanent en zal de volgende betaling annuleren: ${0}",
"This action is permanent and will cancel the following payments: ${0}","Deze actie is permanent en zal de volgende betalingen annuleren: ${0}",
"This action is permanent and will delete associated ledger entries.","Deze actie is permanent en verwijdert de bijbehorende grootboekvermeldingen.",
"This action is permanent.","Deze actie is permanent.",
Thousand,,
Three,,
"Tier Name",,
"Times New Roman","Times New Roman",
Title,,
To,Naar,
"To Account","Naar Rekening",
"To Account and From Account can't be the same: ${0}","Naar rekening en Van rekening kunnen niet hetzelfde zijn: ${0}",
"To Date","Tot Datum",
"To Loc.","Naar Loc.",
"To Year","Tot Jaar",
"Toggle Edit Mode","De Bewerkingsmodus Schakelen",
"Toggle Key Hints","Toetshints schakelen",
"Toggle Linked Entries widget, not available in Quick Edit view.","Schakel de widget Gekoppelde items in, niet beschikbaar in de weergave Snel bewerken.",
"Toggle between Grid and List view",,
"Toggle between form and full width","Schakelen tussen formulier en volledige breedte",
"Toggle sidebar","Zijbalk Omschakelenr",
"Toggle the Create filter","Schakel het filter Maken in",
"Toggle the Docs filter","Schakel het filter Documenten in",
"Toggle the List filter","Schakel het Lijstfilter in",
"Toggle the Page filter","Schakel de Paginafilter in",
"Toggle the Report filter","Schakel het Rapportfilter in",
"Top Expenses","Hoogste Kosten",
Total,Totaal,
"Total Amount","Totaal Bedrag",
"Total Asset (Debit)","Totaal Activa (Debet)",
"Total Debit: ${0} must be equal to Total Credit: ${1}","Totaal debet: ${0} moet gelijk zijn aan Totaal Krediet: ${1}",
"Total Discount","Totale Korting",
"Total Employer Cost",,
"Total Equity (Credit)","Totaal Eigen Vermogen (Krediet)",
"Total Expense (Debit)","Totale Kosten (Debet)",
"Total IRG Withheld",,
"Total Income (Credit)","Totaal Opbrengsten (Krediet)",
"Total Liability (Credit)","Totale Verplichting (Krediet)",
"Total Profit","Totale Winst",
"Total Quantity","Totale Hoeveelheid",
"Total Spending","Totale Kosten",
"Track Inventory","Inventaris Bijhouden",
Transfer,Overdracht,
"Transfer No","Overdracht Nr.",
"Transfer Quantity",,
"Transfer Type","Overdracht Type",
"Transfer Unit",Overdrachtseenheid,
"Transfer Unit ${0} is not applicable for Item ${1}","Overdrachtseenheid ${0} is niet van toepassing op artikel ${1}",
"Transfer will cause future entries to have negative stock.","Overboeking zorgt ervoor dat toekomstige boekingen een negatieve voorraad hebben.",
Transport,,
"Travel Expenses",Reiskosten,
"Trial Balance",Proefbalans,
Tu,Di,
Twelve,,
Twenty,,
Two,,
Type,Type,
"Type to search...","Type om te zoeken...",
UOM,UOM,
"UOM Conversion Item","UOM Conversie Artikel",
"UOM Conversions",UOM-conversies,
"Unable to add an item to the return invoice.",,
Unit,Eenheid,
"Unit Type","Type Eenheid",
Unpaid,Onbetaald,
"Unpaid ${0}","Onbetaald ${0}",
Unregistered,,
"Unsecured Loans","Ongedekte Leningen",
"Until Date","Tot Datum",
"Upper bound of the 0% IRG band (DZD).",,
"Upper bound of the 23% IRG band (DZD).",,
"Upper bound of the 27% IRG band (DZD).",,
"Use Full Width","Volledige Breedte Gebruiken",
"Use List Filters","Lijstfilters Gebruiken",
Used,,
"User Remark","Gebruiker Opmerking",
"Utility Expenses","Kosten voor Nutsvoorzieningen",
"Valid From",,
"Valid From Date should be greather than Pricing Rule's Valid From Date.",,
"Valid From Date should be less than Valid To Date.",,
"Valid To",,
"Valid To Date should be greater than Valid From Date.",,
"Valid To Date should be lesser than Pricing Rule's Valid To Date.",,
"Validation Error",Validatiefout,
Validity,,
"Validity and Usage",,
Value,Waarde,
"Value missing for ${0}","Waarde ontbreekt voor ${0}",
"Value: ${0}","Waarde: ${0}",
Version,Versie,
View,Bekijk,
"View Accounting Entries","Boekingen Bekijken",
"View Paid Invoices","Betaalde Facturen Weergeven",
"View Purchases","Inkopen Bekijken",
"View Sales","Verkoop Bekijken",
"View Stock Entries","Voorraadgegevens Bekijken",
"View Unpaid Invoices","Onbetaalde Facturen Bekijken",
"View linked entries","Gekoppelde Items Bekijken",
We,Woe,
"Weight Enabled Barcode",,
"Welcome to Frappe Books","Welkom bij Frappe Books",
"When enabled, removes all default filters applied across the system, showing all available options instead of filtered ones.",,
"When linking documents, if no match is found and filtering is in effect, allow to disable filters.",,
"Width (in cm)","Breedte (in cm)",
"Write Off",Afschrijven,
"Write Off Account","Rekening Afschrijven",
"Write Off Account ${0} does not exist. Please set Write Off Account in General Settings","Afschrijfrekening ${0} bestaat niet. Stel de rekening voor afschrijven in bij Algemene instellingen",
"Write Off Account not set. Please set Write Off Account in General Settings","Afschrijfrekening niet ingesteld. Stel de rekening voor afschrijven in bij Algemene Instellingen",
"Write Off Entry","Afschrijving Invoer",
YYYY-MM,,
Year,,
"Year to Date","Jaar tot nu toe",
Yearly,Jaarlijks,
Years,Jaren,
Yellow,Geel,
Yes,Ja,
Zero,,
and,,
"check values and click on","controleer de waarden en klik op",
field,,
held,,
"in Batch ${0}","in Partij ${0}",
"item Group",,
john@doe.com,john@doe.com,
"no need ${0} points to purchase this item",,
only,,
"to apply changes","wijzigingen toepassen",